{"cameraMode":{"drawMode":0,"name":"Shaded","section":"Shading Mode"},"sceneLighting":false,"audioPlay":false,"sceneViewState":{"showFog":true,"showMaterialUpdate":false,"showSkybox":false,"showFlares":true,"showImageEffects":true,"showParticleSystems":true},"in2DMode":false,"pivot":{"x":0.26999998092651369,"y":2.259999990463257,"z":-0.5625810623168945},"rotation":{"x":-0.19398616254329682,"y":0.679797351360321,"z":-0.19386543333530427,"w":-0.6802049279212952},"size":10.0,"orthographic":false}