{"cameraMode":{"drawMode":0,"name":"Shaded","section":"Shading Mode"},"sceneLighting":false,"audioPlay":false,"sceneViewState":{"showFog":true,"showMaterialUpdate":false,"showSkybox":false,"showFlares":true,"showImageEffects":true,"showParticleSystems":true},"in2DMode":false,"pivot":{"x":6.4196953773498539,"y":0.6853868365287781,"z":0.6100075244903565},"rotation":{"x":0.04849689081311226,"y":0.7121550440788269,"z":-0.049440864473581317,"w":0.6986165642738342},"size":5.838935852050781,"orthographic":false}